,ids
0,004ed741426633f14e3e8b5b
1,009357e613446985dfd18622
2,00c0fec278956d51bb63a3a2
3,01247880cf81e161d85bf2f3
4,014c6e8a031b7941ee2f9b24
5,01628f003c8866e44c75616b
6,01647794c2adebb373b887d1
7,0166bfc57bdaaf3920c79a87
8,01e0e14930e5296dc9a3a946
9,02025276460bcb6eceedf2ab
10,02233589bb95c108579fe2b6
11,0229505dce660ba3df8765c0
12,0298d33fb18457e4f8116c74
13,02ced65ad914912727bfd6f6
14,031e4e4a89148b495a860d6a
15,0369fd531539d411ff55f6fa
16,03be9d2519fca54886db113f
17,03e5185ad859cc3345e75ed2
18,04384c2120cad424cf6dc6eb
19,045db93bdbbca613b783b8f5
20,04bef7cfc3087117f4e912f7
21,04dcaa25373db086f773391d
22,04e3912bbda84d46f95c594a
23,05315fe75aa29892cbf8f32d
24,05bbf3cd27473c147507852a
25,05f61091ed46a4fed0f39a1b
26,0616f187c8f4b683d3a07811
27,06ba2d956930d270be66402e
28,06bba397573736c41be7ccd5
29,06c9201fc87cc36f7ba17f7c
30,06f88725875c0b436499436b
31,0712659f5e6376556b908478
32,071dc3001cf98e8775fe3ff8
33,07ad04e7f55d7e204781b8e3
34,07c197eddcbda18bc67a473b
35,07e1727f1bab7d828ae8528c
36,0817a9c2f591018f73698eb3
37,081f8ccbaa80501ea64a86a1
38,08552428e897f0f4424d38c1
39,0864a3a29f5fd6a79e888f9a
40,089a471b690db51be2befdea
41,08a87d18f4fdf5d6449cef23
42,08b6d168c31e133e92ea6634
43,0919330c6345f2e87b5466c5
44,0965b887a61690d9c7433e71
45,099e5b52c6c3567fc9b3fc52
46,09c6745b5ee01578a7f24de9
47,09e4c814ba46d5d0dded9145
48,0a1d01be0d40d978e06e2bea
49,0a880adf2d14bbfdf82872d7
50,0aa7aa4a46aa813c804d11a2
51,0ad355ae617c877bce860c3f
52,0af2ed1b6471cdf2682bb8f0
53,0afd8cf266570ec60d6cc837
54,0b01a7dfc207404126b4b2b1
55,0b372c4fc718663ae594a433
56,0b465b3a6f7f140c9c7dd3ea
57,0b4bea001d157c781f97530f
58,0b6314791d56ae6cd4d14a76
59,0bdc05708a473c69d231bc6a
60,0be7cc0d772d1770bc42b016
61,0c5126c8e7bf81a31629b691
62,0c5e02ce64deec8c8228b768
63,0cdf6a72e5af1d0b6619f1ae
64,0ce752e239a27e6b793a1fe8
65,0d95fa1e8c8c33f73a916313
66,0e2ba8ec84901cf0fe30e761
67,0e40e67c637c318f1530525c
68,0e6156dd68c59e9a25e1e63d
69,0e80db9afe00be4f2c7fce42
70,0e8675a7e8cf55a4f87341b3
71,0e8b4c3ddb42137f911172ee
72,0ec38ee3133f7797e3e8c147
73,0f76574591ea74c81e769160
74,0f7d327a44cc1afbdc4e67f9
75,100836b7c4676cf479a22abb
76,1024a44ade6a2e16ce5416e1
77,1054299baae8d61eec432f27
78,1096b180d4a493820cd16e39
79,111e1b3f3ebaa5a2237cd64e
80,11287ca080fe84f7cfda7b34
81,113991cf239bd971ab5e6e93
82,117239e87a492f3abc600838
83,123de904652023c0b2b1a72c
84,126551b61f8c974bcf411ff1
85,12e1537ef0c5986a64828bfa
86,131523ff9e80ef1734a11c0c
87,131d676402a2f2f0f6ecd6d1
88,132ebab149c031893fe12095
89,136909702899547a0b68928c
90,1385f9a1b9ce7625a66b96cd
91,13e95ebde26afdc46faa6f90
92,13ffd7a2fe2b223ff7b1e8b5
93,1463f1354b6e27bc302a473c
94,146cce1bb8b63f718ce57d7b
95,147e1c53f7d7d91d074d679d
96,14b02c263ece8db5281a2920
97,14b37aa4b92d3c9be2a5f8ee
98,14f24eb2ab3c60ddfc2bb1ef
99,15599cfcdc21185061812819
100,1567c712cb1f9340a5fe01e6
101,158454f2836e23ce3e975a71
102,159875f9ca1f20c0fbd47ed9
103,15ba04d955ec2cff72a1a35b
104,15bec5ae424545cb38273ca6
105,15dfcfcd1aa5477353cb44b1
106,15e82ef7577dca7eac10cf5a
107,163d6e6c922e5934e15cd621
108,1648ebc74c776d2a47f80937
109,166920d2c77b3ded505af319
110,166bb633db828bc3b67c15e9
111,169ad980ec01cdc6e6fa86b1
112,16b3fd1583af0b623693010e
113,16c6f512d5ea6b3c342c7856
114,1716298ad20be2fb894c774f
115,1719d47198c134a2eaadcb6f
116,173e223897e18a6a3099091a
117,17f64748fa9250c13af3a006
118,180bb1ce52ebd30acd073a13
119,181dd37dcf988f74c13710dd
120,1823d23483397409dc5f48d8
121,186766f13eafa9ff8d9a6f08
122,19258f85fc004d1c6d2bd8e9
123,19354fdba59a823e2064522f
124,1949e066579adb05d4c72930
125,1969277ef934a0ecf3c1b154
126,19ba52d2c8ec08544bd8916e
127,19d457e149aa6e5efb4bbba8
128,1a0d2290e0f97c0d89f8be8e
129,1a150b2bc52ccd89a0d8547e
130,1a7bca6cb772badac547eb67
131,1b28326a7f0bed2e75414a2b
132,1b6881c960a4328ae58f2e67
133,1b9ee7c51ab73108cfb31038
134,1bb82803d85cd0e88bbe1ccb
135,1c45e0d1b489440711ce1640
136,1c58efaf72fc0e7932093b15
137,1c673d0c12616a5619379f64
138,1c92e62c6cee74bf43675191
139,1cbeae087152dd4832309227
140,1d3e033fd78332ed73e73719
141,1d9544dbb8239ea9e9d202bb
142,1db533aa69f10fc34b6deb32
143,1dc2c0202e04fced779a9c62
144,1dec51685562508f75751907
145,1e294ea318a556eb904dc38c
146,1e487968ab68eae285ccd494
147,1e78048d560036a976bd8f5f
148,1eb6ca7fa9f64c94a21bae6c
149,1eb82a72eaf5b69bed09cf39
150,1ece62ae1b63c3943e7971e0
151,1edc64da3671e0c960b9b526
152,1ef4323659737abc226999d1
153,1ef7204c2c2f048cf6902d0b
154,1f3e7becab819886bc3f039e
155,1f58955f89b6f03f067a45bf
156,1f78055f81ee1d4ffd5a19ad
157,1fb0aa1a3ff6d78dae808117
158,1fc4c3bafb34a96f577470f5
159,1fd37acf17b040be9dca95e4
160,203af0c1ae5daa26b40e1118
161,204092df16df980cc6a3d25c
162,20a4f5c35dc3e0df46629343
163,20b8a1ca2e44e8917d183156
164,20f74c3def101ce9070a5e79
165,2183d868abb92e31fa1c52e9
166,219e5d81646ccfe9aacb4b11
167,21ba0ca48c03ec95d636be5b
168,21c15126480fba3ea9e6b473
169,2234aa0fb1262019fb845cd4
170,22467a95502225eebeaf049b
171,22485e64c03dbfcfe8836265
172,2265badd91f84c51fd4ef406
173,22b4f06374e66f54b0d21797
174,22bc385e1fb49ac5c0040258
175,22c0a7500a0fcbb667560a14
176,23139568598eae32ee95f054
177,234b86411b5a6c37626ad1dd
178,23564d9cf6d13b53ff92804a
179,235bda37b5d0bdba3b9e0c79
180,23ac606aee4c8d2c91829b9a
181,241a59ba90a51197c64ea6d4
182,24554d1cde129896b9e13d71
183,247e53345ae22c9c66d6d177
184,24a40d0f00f7fcc79d6f3c31
185,24b306d3be6492525d7d6196
186,250bcc762852c5300f413efe
187,25576102454ba621989c6db9
188,25b7326da0a40f20227d71b8
189,25c5199738db3e1e11dc2ea6
190,25d62d715f2c6590795b66e4
191,26086071cd855948c71258d3
192,260ae860f5946329d8c69268
193,2645e2af38684d557d8dbc8d
194,2649fb540649d6f9ce8ff7d0
195,27023d3994b1c8ac181dc3c4
196,27263bb8915fa8ec898ddd38
197,2735be84d814e44ccdb8afe6
198,2753dee3d2b4b8493db76700
199,276bbca5d7ff8cbedc103dd3
200,27b3761dc3b6b428862dad3a
201,27dd8f798217971bb6a5c6f5
202,27f72faf8be502e4b433fdd6
203,28020b3ba3dc2aad3748b0ec
204,2837cd67a5aacf2ae794e77d
205,2862ce4bad8159356c336fce
206,28e10e16e362f91917c56a0f
207,28f6570fe8fb715f934bec13
208,292b1a6daba339d85bef5b33
209,297b0dfd6f21d54b7a141d92
210,297db890a1f2357384e17e66
211,298e2b6c054df5debf1030ff
212,29fc7d272cb0b369329a3718
213,2a3cbc0f024afe103022dedf
214,2ab62c96d403bb450f27295e
215,2abb7881c577532da0f83c0d
216,2b02be10bde7175d1fda51f4
217,2b1cdcb3447da8c76c1b1cfe
218,2b30f5a17acb742e0fefff8a
219,2b5c895344c9a353b44145e0
220,2b714a870a4e00eca0f983ac
221,2baa9ab4ab85fec3dddb382e
222,2bfc54218dd9b5f83dff0e0b
223,2c107d988d737c201c4cf7fc
224,2c1a32d1a91aea1666b069f0
225,2c1aed77724a3bb1067af11c
226,2c31314ffebf6dfb59131005
227,2c494a2a3273502d58d81f89
228,2c5028ba1f0276a16576906b
229,2c68328b37f5e7f91dbdb16f
230,2c90e952a9bae8d205608425
231,2cadfc777c40040f7edd5c97
232,2ccd9d5fea6df3d21107b6e0
233,2ccea73faa5ba5ac019e07b7
234,2d321d8d7b65acba82a4f7cd
235,2d715e94424537f17623fd0c
236,2dd28c444cc5a6b80b77545f
237,2e994062d7fa6ea467b0d1df
238,2eb73cd72fa5cd3c4d68d552
239,2ebfd9bd266fe5d6d206d37f
240,2eca9bdf561867019b1900ee
241,2f53b4f08b629b603774a31c
242,2f58d561b6704f2be5156cd3
243,2f95dbc0cc43a3356517b79a
244,2f999f4f939061dcd5e23481
245,2faed8df2c812f2d3bd10bbb
246,2fb21401fefc90998d56be70
247,2ff5f6629ad081e6ea2afa5b
248,2ffbbcfb146a10574507dbde
249,302ffb399604d5e1ea531f92
250,30478152827d6f353f584d64
251,3074cea380d74eac614cc70b
252,307baef084aa06766bbb7be5
253,309e161eea5b3d9999ccad4a
254,30de619bbd061e777efca113
255,31136f410ad4b2e17737d9fe
256,3125cb632742c81e9d3a0e18
257,316a4446aa2f5d9dd7ed44f0
258,31bbd599cdb2a0460000e794
259,3265982f1ee5da13786f2fc8
260,32c46b2f54d6bdba1f22dcc1
261,32f758f19d06c9f9396303e6
262,3323d9c640af3719b27e7651
263,336ec176d22aeb681c114d0d
264,33810ccc745ddf4f82f110c6
265,33cf09c52b4ea1e1b46f4c1c
266,3425005e6fe48bb8d55a449d
267,3432b4ebf9b8d08ee0791b0c
268,343d77c62d3fdf554bfa1704
269,34c5aced7fe2395ddf0895cf
270,35a2b26a61f2ed224baab897
271,35b27c4e0a88e9fd8b65914f
272,35d0d6811661d761f3a40544
273,360c325c74f71769b91d70ad
274,361e0f25a7721963f9c18ce1
275,363d59f6c66ba4ba91e118b7
276,36739b62938899c354610053
277,36a263d0ee77b2fb8cc2a3c5
278,36aa159ad88db01bcd0fed31
279,36adc4b349a148ce4fd2f02b
280,37314c790c8f8c26bc625ef9
281,3737a602550f0d7e7f1a1a8c
282,37b0483e8c3237906c1006e2
283,37be84ce76d777fed3088fd9
284,37d6e7031c2411a49bfdf443
285,37dbcf1c028fde665896f4a3
286,37f1af6c4485f63fe25e6d61
287,3842b815e1f30917cb262597
288,3857011c6d27a411087d3460
289,386cbdb509f0fa7a3f5dcb92
290,388c81410edec6fcc87c054f
291,38a1a86cbc7448933b575420
292,38c767f247f2aaed4309d4ab
293,393d8c93723926cd6e642d71
294,397e096a29b4e7ccc039979f
295,3a1f2e1457c01fe1c26456d0
296,3a9629ccb3039743cd6f82ab
297,3ad1ca73aa007278df9f4c65
298,3ae2d659307744346df884d8
299,3ae40279d591b32bb0f49e50
300,3af4cb5c68953435ccb2c974
301,3b3dff53547dc0398cfed355
302,3b3e46477e4ea2f32f0b5126
303,3b458cc4b8bd59fd4336e522
304,3b4d2113fb87f107f932288d
305,3bbec04f8799cb82ff99633c
306,3c131aa07a3332495d50e7c6
307,3c1a48cc482b13ef906a7a19
308,3c1d24a22a01fe06c7931c84
309,3c4fbb96ae3717a4700ccb56
310,3cae301b508a90798d392edd
311,3cf256214eab114e5a63597d
312,3d33cfc5034bf78b9f52e0f7
313,3d721a809a9a20a01674cc37
314,3e2617aeb8cf9702d3b056bc
315,3e84c66e766bf446f154c571
316,3eacbbb041690c734bda7941
317,3ec106310ac0f3b87fbeac48
318,3f84fbdf7508acbe4c25a4b2
319,3fafc417ea3712bb675a03e5
320,3fe384578c34f12d70fee2d4
321,3ff77b85160b05e979f32ed7
322,40442d233e6df79d09e2d01c
323,4107389ae50f51477af359bf
324,412b6351d2c347f21dade21c
325,4142e5f02e86f0f073d46785
326,41433329dcc26c1743243e78
327,41cc8fa627c6112efe55fdd3
328,41e6713829b2377bbb2711cd
329,420230ba94ed6644629004d8
330,425258df4def372f9152cc2d
331,42de0c4125b41b027bebb3fe
332,4363dd7377e5608c34a620b9
333,436574908e328d0ff28abfec
334,4386a92948f853dd00573310
335,43d4929b589e566b6143210a
336,43e9215c9e1d949359a14a55
337,43f9a4ca017d7b0584f62ae0
338,44222b9502fdc85d3656acf4
339,44401be32b4f92bb8c2f014c
340,4451c1b65f415cbaaa50566d
341,447a749cfa0b922f91c7fcea
342,44ae6de4f898cc28fad288fe
343,44b400ec0732303a15b94082
344,44f8f75a47b7c07c0be6011a
345,452124e745e8f757e98751c4
346,45362b53ce36e39ba4d27b29
347,45380064afcf2286b32022b9
348,4577e688b8f6616a2cfb24da
349,45efa5843691c2c59b24a5cc
350,463b83330f6ab802967c0393
351,46aa6d30f2ada34b35a66592
352,46accd036cfd81ccb5b82796
353,46d63347f8509779170d169f
354,46dc890a3281d7991b8dfd22
355,472f6424dd5b202150ccfdea
356,479714b29631e1117f4d9121
357,47c3a27f6d6f357d27307490
358,47c5e73f6249951d379fbe5c
359,47cc17affd3e46d677f3fb5b
360,47f3d890c60cfa7a0a5fe231
361,47fa96c68627cf7f0581af13
362,48b8f0d62c546b75b282dbc0
363,493c619d45c5dda9c6fce05e
364,495112c5f5b06844940fed88
365,496ae548dbcfab02516e3fe8
366,49d18021e61ee64fbc7605bc
367,4a2b967802c7a2f60c5064b9
368,4a44b1cb3ab172fd59ddbbbf
369,4a88ed972ba3e796032f5d39
370,4abce53aaa6fa23e365d1183
371,4ae30fc29dd6b402e9beb37b
372,4af27f4acaf4332af3be02ca
373,4b074c8c31c0f885d109eea3
374,4b0a833e4121d0c3f6dc9a2e
375,4b9cd370d050070c326faf05
376,4c44a8441270db0b94b1c275
377,4c757daa6a3055c64d3c54f6
378,4c819a6bf6440d8a835a7d70
379,4c8a3ff562685532ccea7bac
380,4c8ed19534f804a54018b9b4
381,4ccd58ef93cf845c53a802de
382,4d1f6ced07b00ee6f7dd1aaa
383,4d3ec7a38da50b5257b29954
384,4ddec00252ae84f8eb603783
385,4e0d8e176e19ddfaefec11a8
386,4e0da6fa2aac90b5991a8e6e
387,4e2e9ff19e2160dba97a62cf
388,4e5efff1bc5a3933af52c806
389,4e613fa8c10f994b5135bc73
390,4efe4b9bdafef0cbdf21cbd7
391,4f094fca02efeefb9e8daf0d
392,4f215910dc02c4900e13acee
393,4f6cdae8fc0b42edc2860657
394,4f7eb56f51229581adeb155b
395,4f99cabd35c4f68a5f9960cc
396,4fbf874e1d248fef00261032
397,4fc465b6bb97db6a0781a988
398,50208af425cb8af9e426a445
399,503d7e8324d05bd75d46038e
400,507c9410d58172cc4ef3f4b2
401,508e2855f57d893e3402ec87
402,5177f73cf34ff1e5312ca605
403,520dc08484fe9ec9b9705fc1
404,5246c2a8f20af4f0d90fe26d
405,525af07ac4f62205fde6e9fd
406,52c0a52f96ad504c32a7e7c3
407,534855399bfd3f76499b04d7
408,5356753c1bc091d5d0ebbe66
409,53a384d8f0352ea3c140184e
410,53a6e9ee762f4b2f14e35a03
411,53b27b899b0072e78f9e1e38
412,53f3d1376f21173bf6b17bb0
413,5427717d35d88fb5c0c68813
414,54355996e64434d6a2baf8b6
415,546311f8f5b3efbddc76c18b
416,5469dddddd290ea32e0ca84b
417,554f57efc702776ee1387f86
418,55745b49d948c5147560000f
419,55835d3447e4fbf762519b3e
420,55b62f8f878dd98e10d685bc
421,55b97a83a9f5f6adbb26e5a5
422,569b1239f20406b1d523331e
423,56ac3bba2163499007ade4ee
424,57257e0910e39ac35f189184
425,572b652e34f8e27913ca20d0
426,5740e7c45dbb07ba07083725
427,577333c299cabb2809bf6d9b
428,57a6942f2e0c6c1ddfa03a38
429,57b76e7c4661ee48aa72758f
430,57c4f6a216da81edd7861d5f
431,57d2e06fd33cd377994b1e06
432,57eb1c97ad43b0add811248f
433,57f4eae33ce65bb6a1cda73e
434,5830d37f8c7e48d16d10c27b
435,5842c3de941171c3f5d0eba0
436,58be865ed1cb8ab4dffac7c8
437,59162cf692f204a137d5e693
438,5965874f25f3137906f4f1a8
439,59d73a988778b59b6d851d1b
440,59dc12af2cca2b633defdca8
441,59fcd5e869d276eebb937285
442,5a1c5e59c7f565c5665739fb
443,5a23553c8cffe308f53228a9
444,5a6e7db680a0e0ef381ebf69
445,5a719b83921b1bd9bbbfe76f
446,5aae0f68893b517fa6f3c9a3
447,5adee38e0dfcafca6bbef770
448,5b0fe8f82fb763b84b124194
449,5b36092083411da668d07dce
450,5b3c6f41a5237bc018e9daf0
451,5b5b1086d7b5fd0cc186d856
452,5ba6e461bc9f916c3790a98c
453,5bdcbfb80b356ed150e4dbfd
454,5bf9f8c0cfd55cb085b2e175
455,5c2388f39a0359afb21c63c9
456,5c3842f89163a03a001690b8
457,5c5fc5c4cf48dee913464ba9
458,5cb46339c2670bc6e74f9413
459,5cbe989f0ec909101a18c9b3
460,5cc12ad3fa504f2f9d085ad2
461,5cce7c6e7e2c104045017c1a
462,5d314a086eb36e1b67e67c14
463,5d3be82e86b88fdae6d37ab0
464,5d75dbe81d5086ffde2fe08a
465,5dbc95f8441d7870a518b1f1
466,5e238f03cc58ebcb877a22ef
467,5e39920eeab12180513f1e72
468,5e43faf1a5e3649c8fede92b
469,5e4491f007e6d79e91844899
470,5e5e8e0f45a67e05a5c8da78
471,5e915b6597b298d466d8cad8
472,5e969a9990baa0fd666fc8c7
473,5ef058118434222e8daa11ad
474,5f35012fdb7855eb68d78d04
475,5f4d441b39ddfa67549c2359
476,5f8bb13319348d984e86c12e
477,5f8e228fbe6d32a0bf69c8d9
478,5fbf2a20e4e4dfd16ad625bc
479,5fc105b2b78669543bc12e6a
480,5fdb1ca475087dac7c28ea9b
481,6002edc5bac852b7466f0dd2
482,600abaaa3264989e39097f5f
483,601767c696ffd460aab7a055
484,6017c43c99d7e2bc98b2454f
485,60393c1a78b311c310ed751d
486,60a0e4cdfcd4c24492494e99
487,60f72ca644fc62e0ada4a422
488,6169cf26e1af419970580583
489,61de6768a1b00a94cb398459
490,625c3ab29f29431191f0482f
491,6280b85f85ee523c211326e7
492,62c405c478e3f7cbca16c24c
493,630d706fb632f095ec3781a7
494,6322f74f6f1d7997adf71a47
495,63a065869c03a22fd39af3eb
496,63d7e1153317be7fbbad7b1b
497,63ee3a48f23a23f15d56ccff
498,6436edbffbed6b9ee592f8b8
499,64a1feba7fd43de051d42a9f
500,6504fdf211d6567d88e8d744
501,650eedc194e6eaa1b25e35dd
502,658c2e5950f2c9a770627d88
503,661b7682e9d2141e351a8f14
504,662d7cab9cbb6915df6a3380
505,66566d44a6acb2d34356453b
506,66e2d1dc9d45065b88673d39
507,6726fe1ca362d9817028d4ad
508,680178ca570493d923d3a762
509,6812983858a839e8a8ab9d66
510,684219f430e1a977a2d57712
511,68625a7e260f5f6ed3ee487a
512,6893abc9604c2edd91aa4c9c
513,68a143d5f9207ac7fc7a5c7d
514,68bf19e052a447f8899a8a7c
515,6927e6a3a2c87fd4f4c69b4d
516,693b2fc0ebcff0c65b7cac7c
517,693dcdf9a889d7304a12fc7a
518,6957e62a77f65613319a3ea8
519,6958dad087e70edd109796f3
520,696eb6af6c4a921056d9a33e
521,69f7c8875d0cfcb22a2f80ec
522,69fa200de3393fe16f70357f
523,6a3816641abf72f3e9ab1523
524,6a4376ffed54dc7f489d7f81
525,6a5f8c280301d4f1a97f8ef2
526,6ac9d9efd41c56bba2e5e8ca
527,6af4b40497d9f28954540cf9
528,6b2a3dc99070cfb4aa8d5434
529,6b4d082b19980cb5079b0105
530,6bb9a5c4adbc9998fb4961d6
531,6bdb3bf08a4902a1c7e43134
532,6c041a32a9372c3e67cd9bff
533,6c38b09ccdac13c8f2efb030
534,6ca4199b6cebdf68d0f40876
535,6cd0fc57cc64da69fedd590d
536,6d2928b6168a2588d77dc09d
537,6d6040c83fe00e9aac8f89f5
538,6d776ad41218aeefe125b3da
539,6dad40cb0168225e7d8322bb
540,6df4f2ed9704b3b84e212dec
541,6e29db8bd40703dec596512c
542,6e3709a7ea84fe5894c9bcf3
543,6e42872c58723b42ecfb5dd9
544,6eba9c37a534f01db2786489
545,6ebfb271ed1efebbd44774c3
546,6ec8a858855c4149eafb26c6
547,6f0a151740dc8e272d0226a1
548,6f0c8e2a22a9d62430e8f711
549,6ff248516ed2fc25f88f5466
550,701fbc99aee8f2834d6aaa35
551,707694b439db17fed614019e
552,70ef16d3acf1898f28d2fce1
553,70feaa03d7a516fb5a3f068c
554,711c8973dbcb9113dc7b5974
555,714b6fc8b63c63b9f8e432c5
556,71837efb02ef6cfc97b88375
557,71b0459c9063c3b8818226e7
558,71b6f12941c40ead298ca706
559,71bc3e36374281c710d6be0a
560,71dfdb3f0bc0795a0b453aea
561,7213511312e63fb126e7a74b
562,72843252cecb305802e14842
563,728fecf12ba35026bba7a0ae
564,72ac352f2e4ca0aed7c33485
565,72f9d22db4e19c0e34b17d6d
566,72fafadae90f8ebaf390093b
567,7329df63c0e5e25a39cceffa
568,7341e3682eee48b4b0b1db7e
569,736c01d586b2ff0532f2313f
570,738914390d3a88c9322e044f
571,73d9cb1d4c364b34a560b68b
572,7479544ec06decd5ebde760d
573,74b08208f88333946e0aa527
574,7503fdb34c16b90d945aa6c0
575,755019920ed464198a6f2122
576,75eeaa61822fda860d7c4553
577,7623f9a7baf28bc99124bcc0
578,76c899ed0f806874d853c76b
579,76fe81bd6f79510d22040244
580,775f1bc8719373dea32f01a7
581,778c5db6163743c190cadc47
582,77b6a19147fbc88aac702f52
583,7818bda64448c6c5be660324
584,787d16ebb67763be94c4fa91
585,78d922dd8ef2c952409faac4
586,78f53539c98060ef0898aab7
587,7946f6f5a4f944989b4d83be
588,799ec08e894dc3d4f922103d
589,7a4d1b7d05cc20063740bb94
590,7a8d9c1cbdc4a4cf270da085
591,7accc029d64b3b8d7eff9590
592,7b058509b1606dd483a9b69f
593,7b308ccc8ea88c0a509508db
594,7b3ca1729d6f45c5d199019e
595,7bb01b775d52d25c89d842b4
596,7bd8382dc61f8544ffbc6393
597,7bd9422043f936c472d7cf52
598,7bfc32d9b9d0cc14552aecdf
599,7c4554ed53abb3d66a183850
600,7c7dc71f10fc1f417412223e
601,7cee15e3e7be9cf052d8286b
602,7d54ae80f2aaeb401ee3c29a
603,7d60fd62994904e9199a0423
604,7d65b3010b479ca1625045e3
605,7d6f05f766a686660f85802b
606,7db133b50c30e974113d1ac2
607,7dbcc0a3b919bfe587c67b1d
608,7dc21703be03defdc942fcce
609,7ddf8cebc6541b7871f90d00
610,7e136228417f643215e66dfb
611,7e823469c08878cb6f2927e5
612,7e9daab4d06af5b8834abff2
613,7ead818839ba770bb23863d2
614,7efa9b747dd1641e6c383836
615,7f7599beb8b366aa2a45909e
616,7faf8244e925c4e660eee54a
617,802a6b3e5fb3769d0cc803ae
618,8041f1c85c665a12d81d2d2e
619,8107e5e1b2180471d1cd9ae5
620,812b5c6e70198acfc470a542
621,812c6f9fdccb68f597a6f600
622,8138691bb524ffb971f344a0
623,814eb0d46c30b61023f5e6c4
624,818d8243b35588a04d838740
625,818e0fe9e4ba88b3e4f2175e
626,81bae27b683f1c849f6009bc
627,82010abedf522a30696ec648
628,82205a8716d6c06879aa53b1
629,82446bebd3048f67f0375ca8
630,8271c1b1d0fc02e5e6f853b1
631,8289559457fea96648f1fa73
632,82b6484bac545068401d184b
633,82defc3268b77daeceda29bf
634,82f1c76cc971e7f332bb31ea
635,83985b0402a229758b84422f
636,83a878744fed9b37432e718b
637,83b8cd510a21598e5f2228e9
638,83cf0075abb384a796641bf2
639,843495cefd2ba190aba022b4
640,843501a493520097884b0e36
641,848c078c82d96d2a6519cf4f
642,848cfec6f1cb8374004d90ef
643,852e5917f36d1ff4115a2c10
644,854d5e61ec9620f82b8b6235
645,8550390dce1e51a6f8a27b52
646,855ead9c807150ec4263c939
647,857dbc5703edc3313256dabe
648,8597a6ad7dde081376ea13a7
649,85c47dae65f00fef46eddb47
650,85ead2f4d3b8b926d47e1624
651,868d3d4b027200aaf7b5da93
652,86e32b1fa7b0c9fbcc12e8dd
653,86f99380a31766bcb2756730
654,871760078b6f3dd2e62981a7
655,871d0eef1f1f9fa3d50ab407
656,872a249919642c274d874d17
657,8762490a4fdaee48879d08ea
658,876796e670d4fde739ec31d7
659,878b8c27c24385c1f48a7262
660,8831a581c0bb85b1f6d35e5e
661,8834a13bc6c7d2033931fd56
662,885a1fc2f9cad9bfccfa3007
663,88b78189a95446015d612b01
664,88e0755a22511fac609f53cb
665,8a20b0497ecdf316693e65cf
666,8a86f7d56d2f929d79f8b4de
667,8a925b0282566a25e98a1e8e
668,8a9e1561793aef44a088f6cc
669,8adfca960e320ad10f0e6ec5
670,8ae69a8452a724cac8f1eb6f
671,8b84727dc3bed43be5bf333f
672,8b898edf4e7c765ef261bd60
673,8c280af058ad927a07f49923
674,8c5b47d07707b14323c22cf1
675,8cce0695033c72812f64085b
676,8d2dd31dce03333d6ca0c6ee
677,8dd03976aeeea3e6c4a82aad
678,8ddf8c644fb730583ec5669f
679,8e1ba49fa88c03222cc0e086
680,8e4468bcf4de1a30c359154c
681,8e4c8ce04eaf512fa8ef502c
682,8e5c4249c67fd5c66f4a4e62
683,8eaf0f5ed80fbe0171fac30b
684,8f0943bcfbd036c84193ec7c
685,8f2cf578a020c3a8251513d3
686,8f87c77030f81d8d84d300e3
687,8fcf7d2cad7c0226dd80bbe1
688,900c5492cd69aaa751005772
689,901068dee3f29b84cc8a66cf
690,9029d3cb7343a98d85e19620
691,90fd71e8661a3da77bbfe29c
692,913197c78ee4567c04a0c45f
693,913a48c02c197e1cbff154a2
694,9202df313a477642768133e8
695,92542fc1f0bc82a27fa5b8cc
696,9279a665e41d7d4bbd3bb894
697,9298d94046ccdc21b4869198
698,92cf1e29c451d710d2ed7620
699,92e6a3cd27b3b36493523392
700,935c2bb0bc0e1ab7bddef1d8
701,936808b434ff2c5dab1e29de
702,93f6a1c50623832b65bad329
703,93fa6fec561d963ee3bfbb6e
704,9415531f292cd9f287fdf348
705,94a44c4ca311792be77f85fe
706,94a8367a5a82b4581ca90d1e
707,94b27a0b91046d46fa144681
708,9537fea496c34645f519499a
709,954d5861c7fb5d6182b934d7
710,958d080b9abd19e70c423401
711,95a68acca3c226fbd64a5714
712,95b231ed6b9ed40fce65fbe5
713,95d21aed0f397d34e32126b8
714,95f36ebd5f52ab809671802c
715,9610b329b8c25bbf4ddd5e8c
716,963abfbebfa4adfe77882e31
717,96da1cfd98aac2d3a67e72f7
718,9732f49081dfcf93ac1e5a1d
719,9744a74dc713aaacfe2f0a78
720,97cc34ddb515a151333bcc5f
721,97f005328fe4ab3f9066a1cb
722,980b4cbac7cb5dcb0928f596
723,980c5e7947add6d08a1e37e0
724,980ec77d2828bfef4ed89889
725,9814f6c46972b771f8e10e1f
726,98b2a2c09cc4360f7ded6a37
727,98cf06c9a7ce9fd55c7862c2
728,992c4b6a9bc1cbfdd31f6f0c
729,99de8e0e42825ed246bd8911
730,99e9d1f635ebf77400cdd37d
731,99ebe2340f1c7eafbc73fa8f
732,9a0df27b7fe3aa444375e2d1
733,9a6831e3850b5cccf532b8c2
734,9a79f5d98467a8d8e5d67d0d
735,9a99fde3ecfb83c994a89cb8
736,9acb0fbf5d5687a050218bbe
737,9adad0b4c69406834eb5fa69
738,9ae331ec997059e4927005a1
739,9b42fe2ac519b81fa0c1ebf5
740,9b87a66f8ed590ec7944959b
741,9b8b33eae6e8f82eb44ea407
742,9cc84fc385c8c2551fb5deb0
743,9da6f4a9feafd1dd28b91618
744,9dc05511b6fab1b376f0d428
745,9dd79227fe0f82d0bb8b3607
746,9de2e0b7147be230f7c1c979
747,9e04e77bfa7cd5757c52254a
748,9e357db18bd36557764fa531
749,9e9d560cb83c1aad4b89415c
750,9ee707372fb3bd5da96850a8
751,9eeb033441f9052b2a0fc8d3
752,9ef94f188e180f1757414adb
753,9f05b32e3e331ccecb52e7dd
754,9f23929c81c438c069e59f93
755,9f8ab2c61aa2f79bac559af3
756,9f92f6f3988c2ef3ba7b04dd
757,a0000267a99610076bb2925e
758,a047a5887b5913bb6fce8d6c
759,a0519d269e71c0e872fef90b
760,a0b182b2386612c625565a3e
761,a125bdbd02127bd5ca7f8c43
762,a16459702802d28d3ef09ba4
763,a174fd923c0ab5e147df546d
764,a1d0bd2093b5898198c87d5a
765,a1ecc29c68b310dc70cb7172
766,a235833709dab9c912b3338f
767,a2677113d50050a2dc9ff90d
768,a2c6a33c1c016d5dc23be889
769,a2d40d336bcbf2f251e8ad85
770,a2f912e213eb083d49a77402
771,a2fc53b41f6f72f4dafb9470
772,a342054231d37941ead839f4
773,a37a1d650ecf8b6cbb798f67
774,a3a82dcb65cfaa4c6e8b3581
775,a45d2d02dad3755a5b23a8ad
776,a4730e5ec5649cbbce616070
777,a48b9469cb8a241dfbba22a8
778,a4a1badcd5b61ed757353237
779,a4a5e57f2adc982c8e61738b
780,a4d56c1300d4deb581e796a4
781,a511677d51dee892134c5da4
782,a531157ea52c52d7f1dcf5cd
783,a56f61c4d6419387b93a8f49
784,a5b3670ed30a5dd76da9cc60
785,a637ee00dd1bcf4b755fd419
786,a6822ce76e95eec7903f047c
787,a6d389b1ab055eac16f41cf4
788,a742c01706b5febf4106719e
789,a7610c34c27667cfe51a1b7e
790,a793c093e356756e2c1ecabc
791,a7dadb97d8d963e15c8a3a22
792,a8036fe925f3ac49cccb4806
793,a8179a06de67b783973e47d3
794,a8297a2f38de96e386af16ba
795,a83ac96fa10a4aaaeb3c402b
796,a87a4be9f19efe6552fefd2f
797,a892923d28e02f9c527ccdc7
798,a89809bb67f3e30717d373b3
799,a8a996351cde166dbebd415f
800,a8c3232d501c20081af68af9
801,a95fab2a7bb5368be26f7cbd
802,a9cc6ebe8abb0525ec349475
803,aa017503f0905909a2680ae2
804,aa2d922037ad33f6432f1441
805,aa74e35e078ab39ac69e4a72
806,aaba39335d9c3c9670cf01a2
807,ab1e53c3550e5bc09d9deb48
808,ab58245420f809972843418b
809,abff9b20f999576d6657a693
810,ac256fad20f28048550b54fb
811,acdaf71c440608336593020d
812,ace1549ddf12fddbf5137006
813,ad251f2f586b6ff918037ae4
814,ae6009abb55014eb6ab72da9
815,aec6e4bcf7916c00b103b029
816,aee1401e485748feb9ed509a
817,af1a3b8708315a382babd8c3
818,afab84da6c28d4a78342f027
819,afb37b252efd2d58603a1aaf
820,afdb8260a1e87c78f9bd8f14
821,afddeb814f04a6649a1616e9
822,b00f930fa7b0b0e06529f1cc
823,b00f9800c3843e66fb21c148
824,b020a70b6f4a51b18a1a3b07
825,b0292408f67abe751d607fa6
826,b09d5ed77f49786c5c7ef9dc
827,b0ac72363ba93e9035635e6d
828,b16c1987b5ce1950d9f04f81
829,b1858351f1f29ac55c569dec
830,b1c54ef307cfe7e94d01bea2
831,b1d685ef67c424a2a7a00d49
832,b22c5bcced674bb73d8ec766
833,b286c6de2eaf443163c2ca71
834,b2be5bb201d1bc6484afd288
835,b2cad432c037b7ae61d4e2f0
836,b3108f268bbe3085904a2e31
837,b341c38a52962e577ccf922b
838,b35b66b76b4143398364c444
839,b3755d6fa2b64ea1e6561f8d
840,b3df359f016b689ade1cc19d
841,b3f41e9ee8df76e33820e629
842,b4236e72943cc9584b031ae4
843,b45752ce891d4b19705cff2f
844,b4640c65a39a1e3b42bacbf3
845,b4adaecd4205b81465990ba7
846,b4b429a56165fe9f7470006e
847,b4efb904b0d7b8d05f5f59ae
848,b52787eb73cafc08dfdfe4e8
849,b55966392465e6673051c58e
850,b57138438fe797af5a500ea3
851,b5ab1194795e49cb24341a6a
852,b65e19d3884f4005dd62f141
853,b6bfe9e8de32eff178fdbbb5
854,b6e2da743f696ef9a9b47a4a
855,b6e4e7664ebb4e82c5dc46fe
856,b6e775225f83a60df02b929e
857,b71e66a3291c1e76312c30bd
858,b745344f4f16aadd17c92ba2
859,b7b6d070f10f0d14fb37b5f0
860,b7b88d35055036025291e743
861,b7df8fbf8ebe1e0b9e781467
862,b85aea2118fd12e5a2486b45
863,b85f63039270e58e9bb26389
864,b864b4d3c60134413c3e124d
865,b89c34e579f1aa41fcf128f3
866,b91e1878c09191c61f55e011
867,b92956f7aa9877975c2e7acf
868,b9ddaaa6beae2a8c2987768a
869,b9ef45d10fff2e4e7eaac42e
870,ba08a143d2d38988d20cf9a9
871,ba4ebb572a99464902ec4479
872,ba8be23723adc81cf10e9193
873,baf3545c382ce6573f340bf2
874,bb5c5842db66ba3a984422a4
875,bb9abf0558a3a2162478a368
876,bbae55ea9456083d6cfc2ebd
877,bbb2fa23038938de448827a3
878,bbf56443686b7b9c23f199b4
879,bbfc7e1e06dc6603359966a4
880,bc64c84b0bddc4a8f00a1fef
881,bc71aeb47b9a27e35321ac99
882,bc72cde9c77bf3703da9f521
883,bc7ff56419d0a7e22f8454c7
884,bccb9b75c50199380656b7b2
885,bd1e163fa87bd2d6f9dff380
886,bd360c70ab72f89165e9e21b
887,bdd733bea85b95c6cf2f5da0
888,bdda2cb40be4c5b4d3aad0be
889,be2a3344e99d58fc4fe457c6
890,be8e3ef2da29a95873335452
891,beaa6826636bcc7560621073
892,bece65ffad1619c0bd6fd7a0
893,bef75e2ca1fd4aefd0dfeb3e
894,beffa6a444d8fc5efed46329
895,bf0a17397231950bfa9e075c
896,bf12748ae054619c2ef1ef72
897,bf2c8d6aebc05c25a7d6cacd
898,bf2d90336b5dbb638f5b25c7
899,bf4e1ee11ce220b7a94f2158
900,bfa12a3e05d83bd31c0c029b
901,bff683e4a1520b34a7bbca60
902,bffb578cb9c822fc80344d00
903,c00cd8806f384fd12176f546
904,c05b193b85445578b3435687
905,c075e9ee213332be4c4d4b72
906,c124b59e8830d4ef56fd236f
907,c193c409f1dc9c69b63fb5a0
908,c1a1dfb95c77a0e3314f732c
909,c1aa750a58a325ddf55cb2f7
910,c1c323274d6baca7fd770523
911,c1c4d4ce7ea185d07fb88ac0
912,c24cce37e4ac5a77d2f5b842
913,c2e0de73715f71e4d6b28f95
914,c33d4896e6a8ac0cbf0a827e
915,c38a720f7dcb5f37bd095e5f
916,c38fca8da4f63885835bf575
917,c3dfb21af5d79b7dfcbd756c
918,c3f371d76f19cff4be688b87
919,c410bf2301801f935199a509
920,c4570ca1eb907905b37df7fe
921,c45d9e4238faed2225b53627
922,c48bc7b9a9e68b6130299c6d
923,c4d0da2919a30d4f200c31eb
924,c4d73d0a8352221d3eda5e39
925,c51137af3128f4b5d2f4d091
926,c5302a3e7968a2d7d3ec4686
927,c57c613afea0326af1b96e85
928,c62d5e2294381f11c3997424
929,c64069e0721ada9c60cf8d90
930,c660daff8615382cded08636
931,c662e85465b86c3631506dad
932,c665a060ddaa656433a9daff
933,c69658df7c13fbb7f5d16942
934,c6d8962b1fc163458a2c6739
935,c6d8d30f43af129f6b775f6d
936,c6f503203107c9287f65a357
937,c772b194fc6a8256976e943b
938,c792008fed6c755d2e7fa261
939,c7bd7d10c74fcc9bd4c06cf5
940,c7e77744922a2cb2270d73f5
941,c7e9d0709cc899f2c6fdcfd7
942,c8085d1d6f5984142fc4112b
943,c81e17abfa9e8d90335b18c7
944,c81ea3d1ddb2363c24fcc507
945,c821af4bc399a84b0f16eb8b
946,c82353602b3e896bb96344f1
947,c82c69171258f4b5bd3aeed3
948,c89bad18d3f57d6c4c25bac1
949,c939b69211766b189ab23cb8
950,c95f4a98f0a082051296e7c6
951,c963104f34fcb5d55e0ebdc1
952,c98ee5a1124c5d4028a523d7
953,c9b341e4bd8253461a16dbff
954,c9c61e2fe147d38c9c5cb87c
955,c9ca5fe04769090b08552c42
956,ca01009111034e8f11af7440
957,ca27959935e9b23ed1c7cae9
958,cad7ee6ae633022b08782e5c
959,cb2f2edb80ca61c2cee1582a
960,cb523790ae4d054df933c405
961,cb621fdd8b4ffe6c065f944a
962,cb85edb7daa55104841dfd4d
963,cc00685ff3fdfc765f0bcaad
964,cc192b9f53e421589391be78
965,cc230935137bd30f5fad85bb
966,cc65c37f29f953c74a7e628d
967,cc66048252a75e371d9c0ce2
968,ccbd43ec27d7b3913436fde5
969,ccce3c1b16a96f77adb5700d
970,cd068bc0ac6bf8600ebddab0
971,cd19acda8f4a07168a1ce96a
972,cd30fc48a8ccdd8d88216c38
973,cd8c128cd6d5dd23f90c2e18
974,cdb97517d5cfb3398b45874c
975,cdbfb367a718eb026d8c3b37
976,cddf8ffdc5da911be24cc141
977,ce12a4d8f3359d4df7eeda79
978,ce281cf20c9ae82cc628d2f5
979,ce5d5a71db7efd2ca2f7ce41
980,ce78e9ac42d5004234e0eddb
981,ce9f65f38c6fe43790c54095
982,cec75e732852dabf568a8cc3
983,cefa00b394fc427d870f474d
984,cf3d6be958cb0eabb766c6c6
985,cf7c2ea589ad200c0cf62fc9
986,cf99d48c8626520fc20a0b85
987,cfffefe8fc356429e8733440
988,d0774d408d52f6e0f0abcd34
989,d0907d9f743b40a8e16ef886
990,d09b3a509acb6ddc8dad40f1
991,d0c7df27ea8f9067284952b4
992,d12219b30769b040022608c0
993,d1229e3ca4c9e52533d9af32
994,d13de7e329c0edf561d3572c
995,d154ee2c20dece5c59ed495d
996,d157edad7ae9e265caf6f8b5
997,d1b8b391d7c996c1024f9adc
998,d1baab39d34855458532211d
999,d1f023def5642fc5562084f6
1000,d23a10d898335a94b13002d0
1001,d241bce07c7626b44eff3788
1002,d29396d9d3eddb15307802be
1003,d2cfb7cd108ed472d1671968
1004,d2dc524cbd4b2d44cbd649cd
1005,d337fbe19ec4c0d2924af596
1006,d3779cfe38911c66fcf4abe5
1007,d396d0329c98500ac747b45c
1008,d3b61f81e96b8bb0ec4fdd08
1009,d42669383e7e508e140377ee
1010,d5b663b1e14ba88b8562ec4a
1011,d5bb8b0a5300db22bf4d4d30
1012,d5c7accdf3221df53dedc9e6
1013,d6117a5480bc4b93bfecc7b2
1014,d668d4056fd985a189906ef4
1015,d675d33d765caa968a860cf7
1016,d68b462f6567076a42fc1a39
1017,d68d33f72cbb802b7eb6cfcf
1018,d6b81b362ae786799af59d1f
1019,d6beced0a7b8fa80c3307e8b
1020,d6c32566a09736d7c251cb40
1021,d6d788c8a99a7bc4d9403b2d
1022,d6fc985596ce2a3b51edd6fa
1023,d720f7f2c710522bc8c768fe
1024,d75d454e5c2ebd2fc302643f
1025,d792f01451ee409ae2d7f061
1026,d801142341ed3f13f0fbb5ed
1027,d8301e7b7049c7483ce61009
1028,d83e3acedf8e91b0ffa36ce2
1029,d865429105e49f0c2bbce553
1030,d86ac6b18d4a48bc3b679522
1031,d891fbf39d13d9c7fdc20294
1032,d8cd878134ef9a7659ccd7c9
1033,d8f260391fa6a72d73249086
1034,d958f08ccc0eda25e7351484
1035,d98acf379b83486020d03edd
1036,da005da04fd8ca3e6ac62586
1037,da913a9fd7035746444c0e52
1038,da934c3c8e7d809191315041
1039,da97a7cf649b52b7d8f9750b
1040,dabf6c0eee3e2589b51b5b5e
1041,dafdef91e0475f80fc97449c
1042,db271a3bdfb62714bc3568b7
1043,db3e9801543c30e63ecbf7f8
1044,db50053f8a13be5b063ee5bc
1045,db61a8803b39949bc7cdd208
1046,db8b5be0dc63e04749a6e7d8
1047,dbd0363037b8ae7d15ae2ac9
1048,dbe719de3467f2207e412ca8
1049,dbf6d8fc165b4e3dabfa6b40
1050,dc3388b59daf679645b665dd
1051,dc67f9140ffb04593429a403
1052,dc6ba71e03b13e09630c697a
1053,dc777cd6eba63d8afff74b48
1054,dc781ecff93b0bdcb1166aa0
1055,dcb2b24317d78bd60ffa202c
1056,dd42a9801a7acc0790c9ce94
1057,dd5a2bd0fb06798c5b0f9acf
1058,dd5dbd5e6384c65c64e69a52
1059,dd9b35d072c1aff09e445e20
1060,de21f1fde7c50a180cdc73c5
1061,de3b5aa7a3b3b3a8ea8d8348
1062,de8a0078bb7b29b6ad2d3a50
1063,de9aedcd92b7c3c84abbe37c
1064,deac8f380a84b6c9b8f27b6e
1065,ded2d4dcd3bf74e20b9d0f7f
1066,ded7463b0db4a549e2b25b1a
1067,dee94423af23db8055cd12ff
1068,df344ab04486ff1bc873c754
1069,df6b922ab155c2b3e6c08c56
1070,df72f36885cfd6149f9033be
1071,df8371c968bae07644eb61c9
1072,df94dfe251e489d813985752
1073,dfe09476f8370555443d6cab
1074,dff2ceb064824b26ee8faac5
1075,e027a6690a26e02e67bd17d7
1076,e02e026916c71cd9d7fefee4
1077,e030311a1f89348fed6c4e80
1078,e0a93fa0f0e526921d971ac0
1079,e0f2bc74c8c5fa36c4604e18
1080,e0faf1d95c294d9af072a539
1081,e11107b867795b5771d1e581
1082,e12da4e7c2a93684585bb32e
1083,e14ff1c72e9a341b9c1ecda4
1084,e15f28bd428108f8fb9425b3
1085,e1b0f0f5ba576282d6342ecc
1086,e1df5f2450986a59949d1366
1087,e1f4bb540c68f3198431ec93
1088,e22910c7eb9506cff7be9061
1089,e236ee931958cc7adec69066
1090,e2a1f09cce95c1bc98de4894
1091,e2ca885e678623091ce477e5
1092,e3609f0fc81bce6883d86e9d
1093,e3687befe6cac32dc1805bd4
1094,e36a768a823f22cd65d55d0f
1095,e37bb82abb3e6ea065c300a2
1096,e3cd1a45874cca517dcfbae4
1097,e3d85114260f2a38969877b2
1098,e4043e2c1cb4d544087e5d24
1099,e40e2c95daf3b8be4979a330
1100,e43d48e75c0333d2b7c290cc
1101,e44889e57b1fc62697d46931
1102,e4681f6b74766c35ba637f7a
1103,e4b2cd2dec49d12128214a89
1104,e4bd9e5d1e0c58b1d9b61f1f
1105,e4d7daff4440c83c3ec802a7
1106,e4e5ada3d9f9765238c6bc2b
1107,e58815d1ef7a864d9cc00000
1108,e6124fa4fe40f2b241c3cce0
1109,e69b3ea77a0a823cc2e96dcb
1110,e6bcea3dfa1bd5addac5276d
1111,e75bedeb671133405f6ce376
1112,e76f1803a26e440352c4cad6
1113,e857993d6203d780da98099c
1114,e925f322b55bc1b3901fa23c
1115,e9407d18ecc845b73617b5a2
1116,e94472b9c8f6510d3e9b2d95
1117,e94c6ad50af4ebeed13bf7ea
1118,e972f3d619b34f00f68ab6bf
1119,e9b032019a1604a8c56f6560
1120,e9cbf7e73d3d37a998fde658
1121,e9fd6b220498825fd5837aaa
1122,ea27d53b1837215b0b497812
1123,ea55843f6b030ce0dd8b504b
1124,ea5b1b2bfe5832e4bfb5a7e5
1125,ea92e1c0af4c5c3a9e7abf26
1126,eab3204d35ceaebff276a618
1127,eb0ed7bf07b9d6220915d12e
1128,eb1c1f4d7b4ee5ae07b04a9a
1129,eb21c36563f2d34e78561ae9
1130,eb54181954f0f776c5f6eae2
1131,ebaf52be2b86889386514a89
1132,ebb179fa52f833d46ab4db17
1133,ebbfe6ccb9d99d4c42bdfad7
1134,ebc54c7bfbe72a8a20cc85b0
1135,ec6f0c646571119cd44bd981
1136,ecb8f6e40b26e83ea47ccf3a
1137,ece3b0c41b55e4b38e6d2fe7
1138,ed419ec4ded8e8bbad4e0546
1139,eda00b8533438b78d1b46fe6
1140,edd6cb4ec9d70927818005ee
1141,eea5f8656c04d735b409cfaf
1142,eeea17737349ab7232621496
1143,ef13f9bb4ca9b9a151d16618
1144,ef407b385df86eb016025952
1145,efbf0048fa07d1636bb25cda
1146,efcc2bbd46f63e8c79e258af
1147,f012297345dec8e58edf5296
1148,f01438c844bdad72ed53c19d
1149,f052f24112ef9e667670fb8d
1150,f0553bfe71337e96780d5838
1151,f082f55fab3a04921b8d883f
1152,f09eba684cf3cffd87e5bdb5
1153,f1183e4dff8d1d50065a0280
1154,f13f347a11ec3f62279fbf00
1155,f1ab49aa874b2748f4797daf
1156,f1ea9e5014ff8e511010e902
1157,f25966a1634dc8f9bbf49cf1
1158,f28e498b79f1784c5093a82d
1159,f28eaa367ff2c4e6e58741d3
1160,f2947c047fda372afde87192
1161,f2c1557c1e95b4fabd5ce337
1162,f2f6e8c57236648a3934488a
1163,f31fdbe0b9df4138fd46cb01
1164,f324d47dee147775e2b7c10d
1165,f35b60e8835db1c0561e3bbe
1166,f37a3a376c945a93e9f49a6d
1167,f3bc8f0a20cd9a0311a07f2c
1168,f3d7931ba56b6bd1aea1120c
1169,f3e7922a2a165d8226531944
1170,f41253820fd4c966e09404f7
1171,f4232fef0a4263fe3d141787
1172,f4b078946c0ec2300a799d81
1173,f4bbc64921039f022e48d844
1174,f503479fb8f20a4d9cb40735
1175,f5484c49da0212424b49b7e1
1176,f565fa23521af66eba4b62f3
1177,f58bef80f440203c971633a6
1178,f5b130c28d4915a66d2319f4
1179,f5e13139cc89f7affad0eb4d
1180,f5e494bd11870b5db9cb665e
1181,f5f760eb447148e7206c4cad
1182,f60d5b5a629aebf875466d08
1183,f6e13461334bfaadc1d71bf1
1184,f6eb2b1999c99ca285065176
1185,f6f2e10b2654ab3dfeecf8ae
1186,f78ee3cc6eb2168b0193d216
1187,f79c9ae6a3a041a630023e2a
1188,f7f573ec5e54feb35d1196ba
1189,f8623d8812c31705c9ec4057
1190,f8b5c2e2347900ed1821732e
1191,f8b95b3d60af81e7034cee92
1192,f8c270c39b204089ab185fb7
1193,f8decab510bc70d0b4714f9d
1194,f955174e267d66a36f376cbb
1195,f96844f0bbbae6a95ab1c395
1196,fa100c57acc1a51f58dddbb5
1197,fa2d20f1c3399f09b139c782
1198,faf5daebebe648be5ecff9b1
1199,fb1d78abafda4018a2f5fd33
1200,fb3c4a42a5a7ae283758512c
1201,fb9bc0640681840dd8539ed5
1202,fba23222b42867013cdf933a
1203,fbaa4cebd49dd0e5b4c8f476
1204,fbab869d5050da58be839ff2
1205,fbe07f990023b81537fd5436
1206,fcb8330f3a06c203cda01639
1207,fcc68245c56ba522a356dba5
1208,fcf60ffc7c9bd2d4635bdb44
1209,fd42398c709cb6a599b785bd
1210,fd83f0fa2622d578c619d4ee
1211,fd8bf4b28f144afa3467aff7
1212,fddea7cb2fd33d902f7b55a1
1213,fe23488b5ced22c2f798ead5
1214,fe2cdd4e5c6e45929aa30f93
1215,fe59536a7b2c010b438709b9
1216,fe5d2b52803c271218e7b2b6
1217,fe68f1948bb7933a367b0049
1218,fe79d87cd29ad2a6818bed4c
1219,fea2f9a17ffbd1adf83e6c87
1220,feb1cc28bbff80b36a2b77b5
1221,ff0bf8051f28b4acbdde7fe4
1222,ff0e111c983ab5bc8c87585d
1223,ff1ecdb5beea39071b1dd097
1224,ff24e2a7f7906b849f9aa7ea
1225,ff9451d4c60fdf7c9e44a47e
